username;email;password
David;david@example.com;password123
Emily;emily@example.com;securepass
Alex;alex@example.com;jellybeans
Sophia;sophia@example.com;password
Oliver;oliver@example.com;letmein
Isabella;isabella@example.com;qwerty
Ethan;ethan@example.com;123456
Ava;ava@example.com;iloveyou